card_id,rationale_id,domain,decision_point,type,prompt,answer,choices,source_ids
ABX-001-Q1,ABX-001,Antibiotics,When should antibiotics be used for endodontic pain or swelling?,short_answer,Why are antibiotics generally ineffective as the sole treatment for a necrotic infected root canal system?,"The necrotic pulp space lacks reliable blood supply, so antibiotics do not adequately reach or eliminate the intracanal source. Source control through debridement and/or drainage is required.",,S1; S2; S3; S9; S21; S35
ABX-001-Q2,ABX-001,Antibiotics,When should antibiotics be used for endodontic pain or swelling?,multiple_choice,Which scenario most clearly supports antibiotic use in an immunocompetent adult with an endodontic infection?,Localized abscess with fever and malaise,Lingering cold pain only; Asymptomatic apical radiolucency; Localized abscess with fever and malaise; Percussion sensitivity after new restoration,S1; S2; S3; S9; S21; S35
IRR-001-Q1,IRR-001,Irrigation,Why is sodium hypochlorite the primary root canal irrigant?,short_answer,What property makes sodium hypochlorite different from chlorhexidine as an endodontic irrigant?,NaOCl dissolves organic tissue; chlorhexidine does not dissolve vital or necrotic pulp tissue.,,S4; S9; S10; S26; S104; S105
IRR-001-Q2,IRR-001,Irrigation,Why is sodium hypochlorite the primary root canal irrigant?,multiple_choice,Which factor can compensate for using a lower NaOCl concentration by improving overall effect?,Refreshment/activation and adequate volume,Less volume; Shorter contact time; Refreshment/activation and adequate volume; Mixing directly with CHX,S4; S9; S10; S26; S104; S105
IRR-002-Q1,IRR-002,Irrigation,Why use EDTA in the final irrigation sequence?,short_answer,What does EDTA remove that NaOCl does not adequately remove?,The inorganic component of the smear layer.,,S4; S26
IRR-002-Q2,IRR-002,Irrigation,Why use EDTA in the final irrigation sequence?,multiple_choice,What is a major risk of prolonged EDTA exposure?,Excessive dentin demineralization/erosion,Increased tissue dissolution; Excessive dentin demineralization/erosion; Immediate C. difficile risk; Loss of anesthetic effect,S4; S26
IRR-003-Q1,IRR-003,Irrigation,When should irrigant activation be used?,short_answer,Why is irrigant activation considered an adjunct rather than a substitute for canal shaping and NaOCl/EDTA chemistry?,"Activation improves irrigant exchange and contact after shaping, but it does not replace mechanical preparation, tissue-dissolving chemistry, chelation, adequate volume, or safe delivery.",,S4; S10; S104; S125; S140; S160
IRR-003-Q2,IRR-003,Irrigation,When should irrigant activation be used?,multiple_choice,Which scenario best supports passive ultrasonic irrigation?,Prepared mature canal where a nonbinding tip can agitate final irrigant safely,Uninstrumented canal with no glide path; Prepared mature canal where a nonbinding tip can agitate final irrigant safely; Open apex with uncontrolled apical extrusion risk; Direct mixture of NaOCl and chlorhexidine,S4; S10; S104; S125; S140; S160
IRR-004-Q1,IRR-004,Irrigation,How should irrigation change for open apices or high extrusion risk?,short_answer,What is the main irrigation priority in an immature tooth with an open apex?,"Controlled disinfection while avoiding irrigant extrusion: low-pressure delivery, nonbinding needle placement short of the terminus, suction, and protocol-appropriate lower-concentration NaOCl.",,S4; S44; S104; S126
IRR-004-Q2,IRR-004,Irrigation,How should irrigation change for open apices or high extrusion risk?,multiple_choice,Which irrigation plan is most appropriate for a high extrusion-risk open apex?,Use gentle low-pressure irrigation with the needle short of the root end and consider negative pressure,Bind a needle at working length to force irrigant apically; Use gentle low-pressure irrigation with the needle short of the root end and consider negative pressure; Use aggressive powered activation at the apical foramen; Skip irrigation entirely because all irrigants are unsafe,S4; S44; S104; S126
IRR-005-Q1,IRR-005,Irrigation,How should a sodium hypochlorite accident be recognized and managed?,short_answer,Name four signs that should make you suspect a sodium hypochlorite extrusion accident during irrigation.,"Immediate severe pain or burning, sudden swelling, profuse canal bleeding, chlorine taste, ecchymosis/bruising, paresthesia, tissue blanching, or tissue necrosis.",,S4; S105
IRR-005-Q2,IRR-005,Irrigation,How should a sodium hypochlorite accident be recognized and managed?,multiple_choice,A patient develops sudden severe pain and facial swelling during NaOCl irrigation. What is the best immediate board-level response?,"Stop irrigation, assess severity and red flags, manage pain, document, and arrange urgent referral if swelling is progressive or high-risk","Continue irrigation until the canal is clean; Stop irrigation, assess severity and red flags, manage pain, document, and arrange urgent referral if swelling is progressive or high-risk; Obturate immediately to seal the canal; Assume this is normal postoperative soreness",S4; S105
IRR-006-Q1,IRR-006,Irrigation,How should warmed or replenished sodium hypochlorite be framed?,short_answer,Why is warmed NaOCl not a substitute for adequate irrigation volume and replenishment?,"Warming may increase chemical activity, but NaOCl is consumed as it reacts; effective disinfection still requires fresh irrigant exchange, contact time, canal preparation, safe delivery, and endpoint-specific evidence.",,S4; S104; S139; S161
IRR-006-Q2,IRR-006,Irrigation,How should warmed or replenished sodium hypochlorite be framed?,multiple_choice,Which statement is the safest board framing for warmed NaOCl?,"It is an optional chemistry optimization that still requires volume, contact time, and extrusion control","It guarantees better healing than room-temperature NaOCl; It is an optional chemistry optimization that still requires volume, contact time, and extrusion control; It removes the inorganic smear layer without EDTA; It is preferred when an open apex cannot confine irrigant",S4; S104; S139; S161
IRR-007-Q1,IRR-007,Irrigation,"How should laser-assisted irrigation, including PIPS or SWEEPS, be framed?",short_answer,Why should PIPS or SWEEPS not be presented as a universal replacement for conventional irrigation fundamentals?,"They are device-specific laser-assisted adjuncts; evidence and settings vary, and they do not replace shaping, NaOCl/EDTA chemistry, adequate volume, contact time, or extrusion control.",,S4; S104; S138; S151; S152
IRR-007-Q2,IRR-007,Irrigation,"How should laser-assisted irrigation, including PIPS or SWEEPS, be framed?",multiple_choice,Which is the safest board answer about laser-assisted irrigation?,"Use it only as a trained, device-specific adjunct while keeping standard irrigation and safety principles","Use it routinely because it proves superior healing in all cases; Use it only as a trained, device-specific adjunct while keeping standard irrigation and safety principles; Use it instead of NaOCl in necrotic cases; Use it preferentially when a perforation permits irrigant escape",S4; S104; S138; S151; S152
IRR-008-Q1,IRR-008,Irrigation,When does apical negative pressure change irrigation strategy or outcomes?,short_answer,What is the main safety rationale for apical negative-pressure irrigation?,"It draws irrigant toward suction near working length instead of forcing irrigant apically under positive pressure, which can improve apical exchange while reducing extrusion risk when used correctly.",,S4; S104; S125; S126
IRR-008-Q2,IRR-008,Irrigation,When does apical negative pressure change irrigation strategy or outcomes?,multiple_choice,Which claim about apical negative pressure is best supported?,It can be a delivery/safety strategy and may reduce early postoperative pain in selected cases,It guarantees periapical healing in all cases; It can be a delivery/safety strategy and may reduce early postoperative pain in selected cases; It removes the inorganic smear layer without EDTA; It is the same mechanism as passive ultrasonic irrigation,S4; S104; S125; S126
IRR-009-Q1,IRR-009,Irrigation,How should irrigation surrogate endpoints be translated into clinical outcome claims?,short_answer,Why does smear-layer removal or lower bacterial count not automatically prove better long-term endodontic healing?,"Those are surrogate endpoints. They can support a mechanism, but long-term healing requires clinical and radiographic outcome data at defined follow-up.",,S4; S104; S125; S138; S139; S140; S141; S151; S152; S160; S161
IRR-009-Q2,IRR-009,Irrigation,How should irrigation surrogate endpoints be translated into clinical outcome claims?,multiple_choice,A device study reports cleaner canal walls in extracted teeth but no patient follow-up. What is the best board interpretation?,The result supports a possible cleaning mechanism but does not prove clinical healing superiority,The device has proven superior periapical healing; The result supports a possible cleaning mechanism but does not prove clinical healing superiority; Irrigation chemistry no longer matters; The device is now the standard of care for all canals,S4; S104; S125; S138; S139; S140; S141; S151; S152; S160; S161
IRR-010-Q1,IRR-010,Irrigation,When does complex canal anatomy justify adjunctive irrigation activation?,short_answer,What is the board-safe way to use micro-CT or 3D-printed model activation evidence in a complex molar?,"Use it as endpoint-specific support for improved irrigant exchange, distribution, or cleaning in difficult anatomy, not as proof that a named activation device improves long-term periapical healing.",,S4; S104; S151; S152
IRR-010-Q2,IRR-010,Irrigation,When does complex canal anatomy justify adjunctive irrigation activation?,multiple_choice,A study shows better NaOCl distribution in an extracted mandibular molar model but no patient follow-up. What conclusion is most appropriate?,The finding supports a possible adjunctive role in similar anatomy but does not prove superior healing,The device is mandatory for all molars; The finding supports a possible adjunctive role in similar anatomy but does not prove superior healing; NaOCl chemistry is unnecessary if activation is used; The result proves PIPS and SWEEPS are clinically superior,S4; S104; S151; S152
IRR-011-Q1,IRR-011,Irrigation,How should clinical healing trials affect irrigant activation claims?,short_answer,Why does the Liang ultrasonic activation RCT not make all activation either mandatory or useless?,"It tested one ultrasonic protocol in single-rooted teeth with radiographic follow-up and found no healing superiority versus syringe irrigation. That limits universal healing claims but does not answer every device, anatomy, or surrogate-cleaning question.",,S104; S151; S152; S160
IRR-011-Q2,IRR-011,Irrigation,How should clinical healing trials affect irrigant activation claims?,multiple_choice,A board question cites a human RCT showing no significant healing difference between ultrasonic activation and syringe irrigation in single-rooted teeth. What is the best interpretation?,The trial tempers universal healing claims but does not eliminate selected adjunctive activation,Ultrasonic activation is mandatory in every canal; The trial tempers universal healing claims but does not eliminate selected adjunctive activation; PIPS and SWEEPS now have proven healing superiority; NaOCl chemistry can be skipped if activation is used,S104; S151; S152; S160
IRR-012-Q1,IRR-012,Irrigation,How should preheated sodium hypochlorite temperature claims be handled?,short_answer,Why is the temperature on a NaOCl warmer not enough to prove the temperature in the apical canal?,"Temperature changes with syringe cooling, flow rate, delivery duration, canal position, apical patency, surrounding conditions, and post-delivery cooling; the device setting is not the same as sustained apical temperature.",,S4; S104; S139; S161
IRR-012-Q2,IRR-012,Irrigation,How should preheated sodium hypochlorite temperature claims be handled?,multiple_choice,Which statement best translates ex vivo preheated-NaOCl temperature evidence for board purposes?,"Temperature behavior is protocol- and anatomy-dependent, so warmed NaOCl remains a controlled adjunct","A warmer setting guarantees sustained apical temperature and better healing; Temperature behavior is protocol- and anatomy-dependent, so warmed NaOCl remains a controlled adjunct; Warmed NaOCl replaces EDTA; Open apices are the best indication for aggressive warmed irrigation",S4; S104; S139; S161
MED-001-Q1,MED-001,Intracanal Medicaments,When should calcium hydroxide be used as an interappointment medicament?,short_answer,What is the main board-level reason to place calcium hydroxide between endodontic appointments?,"To provide interappointment microbial reduction, endotoxin effect, and regrowth control when treatment is staged and obturation should be delayed.",,S4; S10; S26; S27; S31; S44; S50
MED-001-Q2,MED-001,Intracanal Medicaments,When should calcium hydroxide be used as an interappointment medicament?,multiple_choice,Which scenario best supports calcium hydroxide as an interappointment medicament?,Necrotic tooth with persistent canal exudate that cannot be dried predictably today,"Adequately cleaned, shaped, dried, asymptomatic permanent tooth ready for obturation; Necrotic tooth with persistent canal exudate that cannot be dried predictably today; Vital tooth completed under rubber dam with definitive obturation planned now; Routine placement in every tooth before any root canal filling",S4; S10; S26; S27; S31; S44; S50
MED-002-Q1,MED-002,Intracanal Medicaments,Why does calcium hydroxide not reliably eliminate Enterococcus faecalis?,short_answer,Name three reasons calcium hydroxide may fail to eliminate E. faecalis in a root canal system.,"E. faecalis can persist in biofilm and dentinal tubules; dentin can buffer the high pH; hydroxyl ions may not diffuse deeply or remain concentrated enough, especially with tissue remnants, exudate, or complex anatomy.",,S4; S28; S29; S30; S32
MED-002-Q2,MED-002,Intracanal Medicaments,Why does calcium hydroxide not reliably eliminate Enterococcus faecalis?,multiple_choice,Which statement best describes calcium hydroxide against E. faecalis?,"Its high pH helps, but biofilm, tubules, and dentin buffering limit reliability","It predictably sterilizes infected canals; Its high pH helps, but biofilm, tubules, and dentin buffering limit reliability; It works only as an analgesic; It should always be mixed with chlorhexidine because clinical superiority is settled",S4; S28; S29; S30; S32
MED-003-Q1,MED-003,Intracanal Medicaments,How should calcium hydroxide be placed safely?,short_answer,Why is extrusion of calcium hydroxide beyond the apex clinically concerning?,"Its high pH and tissue toxicity can cause periapical tissue necrosis, pain, and, near neurovascular anatomy, sensory disturbance or nerve injury.",,S4; S26; S33
MED-003-Q2,MED-003,Intracanal Medicaments,How should calcium hydroxide be placed safely?,multiple_choice,Which placement behavior is safest when using calcium hydroxide as an intracanal medicament?,Use controlled delivery matched to anatomy and avoid apical pressure,Bind the needle apically to force dense placement; Use controlled delivery matched to anatomy and avoid apical pressure; Intentionally express material past the apex; Skip working length because the medicament is temporary,S4; S26; S33
DX-001-Q1,DX-001,Diagnosis,Why document both pulpal and apical diagnoses?,short_answer,"A tooth has lingering thermal pain and is painful to percussion, with no apical radiolucency. What paired diagnosis is most likely?",Symptomatic irreversible pulpitis with symptomatic apical periodontitis.,,S5; S9; S10
DX-001-Q2,DX-001,Diagnosis,Why document both pulpal and apical diagnoses?,multiple_choice,Which finding defines symptomatic apical periodontitis most directly?,Pain to biting/percussion or palpation,Lingering cold only; Pain to biting/percussion or palpation; A sinus tract only; A normal PDL space only,S5; S9; S10
PERIOENDO-001-Q1,PERIOENDO-001,Endodontic-Periodontal Lesions,How are endodontic-periodontal lesions differentiated before treatment?,short_answer,What diagnostic information should be gathered before labeling a suspected endodontic-periodontal lesion?,"Pulpal and apical diagnosis, full-mouth and tooth-specific periodontal probing, sinus-tract tracing when present, periapical radiographs with selective CBCT when useful, and assessment for crack, perforation, resorption, or vertical root fracture.",,S5; S8; S58; S59; S106; S107; S108; S66; S67; S162
PERIOENDO-001-Q2,PERIOENDO-001,Endodontic-Periodontal Lesions,How are endodontic-periodontal lesions differentiated before treatment?,multiple_choice,Which finding most supports an endodontic drainage pathway rather than generalized periodontitis as the only problem?,Necrotic tooth with an isolated deep probing defect and localized radiolucency,Generalized 6-8 mm pockets throughout the mouth; Necrotic tooth with an isolated deep probing defect and localized radiolucency; Bleeding marginal gingivitis around most teeth with vital pulps; Stable shallow probing with no pulpal symptoms,S5; S8; S58; S59; S106; S107; S108; S66; S67; S162
PERIOENDO-002-Q1,PERIOENDO-002,Endodontic-Periodontal Lesions,How should sinus tracts and isolated deep probing defects be traced?,short_answer,"Why should a sinus tract be traced before choosing endodontic treatment, periodontal treatment, or extraction?","The opening may not be adjacent to the source. Tracing helps show whether drainage leads to an apex, lateral canal, perforation/post area, root fracture/resorption, periodontal pocket, or another tooth, changing treatment and prognosis.",,S5; S58; S59; S106; S107
PERIOENDO-002-Q2,PERIOENDO-002,Endodontic-Periodontal Lesions,How should sinus tracts and isolated deep probing defects be traced?,multiple_choice,A sinus tract opens on the buccal gingiva near tooth #30. What is the best next diagnostic frame?,"Trace the tract when feasible and correlate with pulp tests, probing, and radiographs","Treat #30 immediately because it is closest to the opening; Trace the tract when feasible and correlate with pulp tests, probing, and radiographs; Prescribe antibiotics as definitive treatment; Assume it is always a periodontal abscess",S5; S58; S59; S106; S107
PERIOENDO-003-Q1,PERIOENDO-003,Endodontic-Periodontal Lesions,When does periodontal prognosis change endodontic sequencing or extraction decisions?,short_answer,Why is root canal treatment alone not enough for a tooth with pulp necrosis and generalized advanced periodontitis?,"RCT can remove the intracanal source, but generalized attachment loss, furcation involvement, mobility, plaque control, and periodontal maintenance determine whether the tooth has enough support to be retained.",,S58; S59; S106; S107; S108; S127; S142; S143
PERIOENDO-003-Q2,PERIOENDO-003,Endodontic-Periodontal Lesions,When does periodontal prognosis change endodontic sequencing or extraction decisions?,multiple_choice,Which case has the strongest endodontic-first rationale?,Necrotic tooth with isolated lateral drainage and otherwise normal periodontal probing,Necrotic tooth with isolated lateral drainage and otherwise normal periodontal probing; Necrotic tooth with generalized advanced periodontitis and severe mobility; Root-filled tooth with suspected vertical root fracture and narrow 10 mm probing; Vital tooth with generalized periodontal abscesses,S58; S59; S106; S107; S108; S127; S142; S143
PERIOENDO-004-Q1,PERIOENDO-004,Endodontic-Periodontal Lesions,When should periodontal follow-up or surgery be timed after endodontic source control?,short_answer,Why is endodontic source control usually done before periodontal surgery in a primary endodontic lesion with a periodontal-appearing defect?,"The pocket or sinus may be an endodontic drainage pathway. Canal disinfection can remove the source, after which probing and radiographic response can be reassessed before deciding whether periodontal surgery is truly needed.",,S58; S59; S107; S108; S127
PERIOENDO-004-Q2,PERIOENDO-004,Endodontic-Periodontal Lesions,When should periodontal follow-up or surgery be timed after endodontic source control?,multiple_choice,Which sequence is most board-safe for a necrotic tooth with an isolated narrow deep probing defect and otherwise maintainable periodontium?,"Endodontic source control, then reassess probing and healing before deciding on periodontal surgery","Immediate regenerative periodontal surgery before pulp testing; Endodontic source control, then reassess probing and healing before deciding on periodontal surgery; Extraction solely because an isolated probing defect exists; Antibiotics alone until the pocket disappears",S58; S59; S107; S108; S127
PERIOENDO-005-Q1,PERIOENDO-005,Endodontic-Periodontal Lesions,When are periodontal regenerative approaches reasonable around endodontically treated teeth?,short_answer,What must be established before considering periodontal regeneration around an endodontically treated tooth?,"Endodontic source control, restorability and isolation, root integrity, maintainable periodontal defect anatomy, plaque/risk control, and supportive periodontal maintenance capacity.",,S107; S108; S127; S128; S129; S153; S154
PERIOENDO-005-Q2,PERIOENDO-005,Endodontic-Periodontal Lesions,When are periodontal regenerative approaches reasonable around endodontically treated teeth?,multiple_choice,Which claim about GTR or enamel matrix derivative is most board-safe in a true combined lesion?,"They are selected periodontal regenerative options, but evidence should not be generalized beyond appropriate defect anatomy and source control","They guarantee tooth survival if placed after RCT; They are selected periodontal regenerative options, but evidence should not be generalized beyond appropriate defect anatomy and source control; They replace the need for canal disinfection; They are indicated when a vertical root fracture causes the pocket",S107; S108; S127; S128; S129; S153; S154
PERIOENDO-006-Q1,PERIOENDO-006,Endodontic-Periodontal Lesions,How should recall and maintenance be planned after combined endodontic-periodontal therapy?,short_answer,What findings should be reassessed during follow-up after combined endodontic-periodontal therapy?,"Reassess probing depths and pattern, bleeding or suppuration, mobility, furcation status, symptoms, coronal seal/restorability, radiographic healing, periodontal risk factors, and whether root damage or persistent infection is more likely.",,S58; S107; S108; S127; S142; S143
PERIOENDO-006-Q2,PERIOENDO-006,Endodontic-Periodontal Lesions,How should recall and maintenance be planned after combined endodontic-periodontal therapy?,multiple_choice,"After adequate RCT, a tooth has no pain but a persistent isolated narrow deep pocket with suppuration. What is the best board-level response?","Reassess for root fracture, perforation, resorption, persistent endodontic infection, or residual periodontal defect","Declare the case healed because pain is gone; Reassess for root fracture, perforation, resorption, persistent endodontic infection, or residual periodontal defect; Perform regenerative surgery without checking root integrity; Stop periodontal maintenance because RCT was completed",S58; S107; S108; S127; S142; S143
PERIOENDO-007-Q1,PERIOENDO-007,Endodontic-Periodontal Lesions,How should limited survival or regeneration evidence be used in true combined lesions?,short_answer,Why should a survival percentage from a combined lesion study not automatically be applied to every true combined endodontic-periodontal lesion?,"Because prognosis depends on whether the study matches the case definition, root damage status, periodontal stage/grade, treatment sequence, restorability, defect anatomy, risk control, and maintenance setting.",,S58; S107; S108; S127; S10; S128; S129; S142; S143; S153; S154
PERIOENDO-007-Q2,PERIOENDO-007,Endodontic-Periodontal Lesions,How should limited survival or regeneration evidence be used in true combined lesions?,multiple_choice,A lecture quotes a high success rate for regenerative treatment of periodontal intrabony defects. What is the best board-level use of that evidence for a true combined lesion?,Use it as conditional periodontal-defect evidence after endodontic source control and case selection,Use it as conditional periodontal-defect evidence after endodontic source control and case selection; Promise the same survival rate for every true combined lesion; Ignore root fracture and nonrestorability because regeneration is available; Use the material before diagnosing the pulpal and periodontal sources,S58; S107; S108; S127; S10; S128; S129; S142; S143; S153; S154
PERIOENDO-008-Q1,PERIOENDO-008,Endodontic-Periodontal Lesions,When should CBCT or referral be escalated for root damage in a suspected combined lesion?,short_answer,Why should a negative CBCT not automatically rule out vertical root fracture in a suspected endodontic-periodontal lesion?,"CBCT is artifact-sensitive and imperfect, especially around root fillings, posts, and restorations. Persistent narrow probing, recurrent sinus tract, crack signs, or unexplained nonhealing still requires clinical correlation, referral, direct visualization, or prognosis reassessment.",,S8; S43; S45; S58; S63; S66; S67; S107; S162
PERIOENDO-008-Q2,PERIOENDO-008,Endodontic-Periodontal Lesions,When should CBCT or referral be escalated for root damage in a suspected combined lesion?,multiple_choice,"A root-filled molar has a recurrent sinus tract, narrow isolated 10 mm probing, and inconclusive periapical radiographs. What is the best board-level next frame?",Escalate root-damage assessment with selective CBCT or referral because the result could change prognosis,Repeat RCT immediately because the pocket is endodontic; Plan periodontal regeneration before checking root integrity; Escalate root-damage assessment with selective CBCT or referral because the result could change prognosis; Dismiss vertical root fracture if the first periapical radiograph does not show a fracture line,S8; S43; S45; S58; S63; S66; S67; S107; S162
CRACK-001-Q1,CRACK-001,Cracked Teeth And Root Fracture,How should cracked teeth be diagnosed and classified?,short_answer,Why should a suspected cracked tooth be assigned both a crack category and a pulpal/apical diagnosis?,"The crack category estimates structural prognosis, while the pulpal/apical diagnosis determines whether monitoring/restoration, VPT, RCT, retreatment, surgery, or extraction is biologically appropriate.",,S5; S63; S64; S67
CRACK-001-Q2,CRACK-001,Cracked Teeth And Root Fracture,How should cracked teeth be diagnosed and classified?,multiple_choice,Which finding most strongly increases suspicion for a vertical root fracture rather than routine symptomatic apical periodontitis?,An isolated narrow deep periodontal pocket on one root surface,Generalized mild plaque-induced 4 mm pockets; Lingering cold pain with no probing defect; An isolated narrow deep periodontal pocket on one root surface; A shallow occlusal enamel craze line only,S5; S63; S64; S67
CRACK-002-Q1,CRACK-002,Cracked Teeth And Root Fracture,"When is a cracked tooth restorable, monitored, endodontically treated, or extracted?",short_answer,Why does root canal treatment not by itself solve the prognosis problem in a cracked tooth?,"RCT can treat pulpal or apical disease caused by crack-related bacterial ingress, but the structural crack, occlusal loading, restorability, periodontal probing, and need for protective restoration still determine long-term prognosis.",,S52; S53; S63; S64; S65; S113; S114; S133; S134
CRACK-002-Q2,CRACK-002,Cracked Teeth And Root Fracture,"When is a cracked tooth restorable, monitored, endodontically treated, or extracted?",multiple_choice,Which cracked-tooth scenario is most appropriate for a preservation plan rather than immediate extraction?,"Restorable molar with a crown-contained crack, no deep probing, and irreversible pulpitis","Split tooth with visible segment separation and poor periodontal support; Single-rooted tooth with confirmed vertical root fracture; Restorable molar with a crown-contained crack, no deep probing, and irreversible pulpitis; Crack extending below bone with impossible isolation",S52; S53; S63; S64; S65; S113; S114; S133; S134
VRF-001-Q1,VRF-001,Cracked Teeth And Root Fracture,How should suspected vertical root fracture be confirmed and managed?,short_answer,Why is CBCT not a definitive rule-out test for vertical root fracture in a root-filled tooth?,"Root filling materials, posts, and restorations create artifacts that can mimic or obscure fracture lines, and early VRFs may not show clear hard-tissue changes.",,S8; S58; S63; S64; S66; S67
VRF-001-Q2,VRF-001,Cracked Teeth And Root Fracture,How should suspected vertical root fracture be confirmed and managed?,multiple_choice,A root-filled mandibular molar has a narrow isolated 9 mm probing on one root and a J-shaped radiolucency. What is the safest board-level framing?,Treat the finding as strong suspicion for vertical root fracture and confirm before retreatment or surgery,Assume routine apical periodontitis and retreat all canals immediately; Treat the finding as strong suspicion for vertical root fracture and confirm before retreatment or surgery; Use antibiotics as definitive care; Ignore probing if the crown looks intact,S8; S58; S63; S64; S66; S67
CRACK-003-Q1,CRACK-003,Cracked Teeth And Root Fracture,When is root resection or amputation reasonable for a cracked or vertically fractured multirooted tooth?,short_answer,What must be true before root resection is a reasonable option for a multirooted tooth with suspected VRF?,"The affected root problem should be isolated, and the remaining roots/tooth must be endodontically treatable, periodontally maintainable, restorable with ferrule, cleansable, and protected from unfavorable occlusal loading.",,S63; S64; S95; S96
CRACK-003-Q2,CRACK-003,Cracked Teeth And Root Fracture,When is root resection or amputation reasonable for a cracked or vertically fractured multirooted tooth?,multiple_choice,Which case is the best candidate for root amputation rather than immediate extraction?,"Maxillary molar with isolated fracture of one root, sound remaining roots, maintainable periodontium, and feasible cuspal-coverage restoration","Single-rooted premolar with confirmed VRF; Mandibular molar split into mobile segments through the furcation; Maxillary molar with isolated fracture of one root, sound remaining roots, maintainable periodontium, and feasible cuspal-coverage restoration; Molar with generalized advanced periodontitis and nonrestorable caries",S63; S64; S95; S96
CRACK-004-Q1,CRACK-004,Cracked Teeth And Root Fracture,How should occlusal protection and splinting be framed after cracked-tooth preservation?,short_answer,Why is a nightguard not a substitute for definitive cracked-tooth treatment?,"A nightguard may help distribute or protect against parafunctional loading, but it does not diagnose crack extent, seal bacterial ingress, restore cuspal coverage, treat pulpal/apical disease, or guarantee that a crack will stop propagating.",,S24; S63; S64; S97
CRACK-004-Q2,CRACK-004,Cracked Teeth And Root Fracture,How should occlusal protection and splinting be framed after cracked-tooth preservation?,multiple_choice,Which statement is the safest board framing for occlusal splints in cracked-tooth care?,"They can be considered for parafunction/load control but should not replace diagnosis, restoration, or follow-up","They cure bruxism and prevent all vertical root fractures; They can be considered for parafunction/load control but should not replace diagnosis, restoration, or follow-up; They make cuspal coverage unnecessary after cracked-tooth RCT; They are indicated for every endodontic tooth even with no occlusal contacts",S24; S63; S64; S97
CRACK-005-Q1,CRACK-005,Cracked Teeth And Root Fracture,How should cracked teeth be recalled after preservation?,short_answer,What findings should cracked-tooth recall monitor besides patient-reported pain relief?,"Recall should reassess pulp status when vital, percussion/palpation, full periodontal probing, mobility, occlusion, restoration integrity, marginal leakage, and periapical or furcation bone changes on appropriate radiographs.",,S10; S63; S64; S65; S98
CRACK-005-Q2,CRACK-005,Cracked Teeth And Root Fracture,How should cracked teeth be recalled after preservation?,multiple_choice,A root-filled cracked molar is asymptomatic at recall but now has a new isolated 8 mm probing on the distal root. What is the safest next frame?,Reassess for vertical root fracture or crack progression before routine retreatment,Discharge because symptoms resolved; Treat as routine coronal leakage only; Reassess for vertical root fracture or crack progression before routine retreatment; Prescribe antibiotics indefinitely,S10; S63; S64; S65; S98
CRACK-006-Q1,CRACK-006,Cracked Teeth And Root Fracture,How should orifice barriers be framed when a cracked tooth has radicular extension?,short_answer,Why is an orifice barrier in a radicular-extension cracked tooth an adjunct rather than definitive crack treatment?,"It may help seal and protect the canal/orifice area, but prognosis still depends on restorability, periodontal communication, crack extent, occlusal loading, cuspal coverage, and recall; it cannot repair a split root or confirmed VRF.",,S63; S64; S65; S114; S132; S146; S147
CRACK-006-Q2,CRACK-006,Cracked Teeth And Root Fracture,How should orifice barriers be framed when a cracked tooth has radicular extension?,multiple_choice,Which finding makes an orifice-barrier preservation plan least appropriate?,Separable split root with an isolated deep periodontal defect,Restorable molar with a chamber-floor crack but normal probing; Ability to place prompt cuspal coverage; Separable split root with an isolated deep periodontal defect; Patient accepts close recall and guarded prognosis,S63; S64; S65; S114; S132; S146; S147
CRACK-007-Q1,CRACK-007,Cracked Teeth And Root Fracture,How should non-root-filled teeth with suspected vertical root fracture be handled?,short_answer,Why can a non-root-filled tooth with an isolated deep probing defect still require a VRF workup?,"Vertical root fractures can occur in non-root-filled teeth under repetitive loading, and an isolated deep probing defect or root-surface bone loss may reflect a structural root communication rather than routine pulpal disease or generalized periodontitis.",,S63; S64; S67; S114
CRACK-007-Q2,CRACK-007,Cracked Teeth And Root Fracture,How should non-root-filled teeth with suspected vertical root fracture be handled?,multiple_choice,A vital mandibular molar with no prior RCT has biting pain and a narrow 9 mm probing isolated to one root. What is the safest board-level next frame?,"Evaluate for cracked tooth/VRF with probing, imaging, restorability, and possible referral before definitive treatment","Proceed directly to RCT because the tooth is vital; Prescribe antibiotics and observe only; Evaluate for cracked tooth/VRF with probing, imaging, restorability, and possible referral before definitive treatment; Place a crown immediately without additional diagnosis",S63; S64; S67; S114
CRACK-008-Q1,CRACK-008,Cracked Teeth And Root Fracture,How should material selection for orifice or cervical barriers in cracked teeth be framed?,short_answer,What is the board-safe purpose of an orifice or cervical barrier in a preserveable cracked tooth?,"To seal and protect the canal/orifice or cervical dentin region as part of a full preservation plan, not to cure a vertical root fracture or guarantee that crack propagation stops.",,S45; S63; S64; S132
CRACK-008-Q2,CRACK-008,Cracked Teeth And Root Fracture,How should material selection for orifice or cervical barriers in cracked teeth be framed?,multiple_choice,Which statement best frames material selection for an orifice barrier in a cracked tooth?,"Select a material for sealing, isolation, biocompatibility, and restorative compatibility after prognosis is established","One bioactive material has proven universal superiority for all radicular cracks; Select a material for sealing, isolation, biocompatibility, and restorative compatibility after prognosis is established; Barrier material replaces cuspal coverage after RCT; A barrier is indicated even when a split root is confirmed",S45; S63; S64; S132
CRACK-009-Q1,CRACK-009,Cracked Teeth And Root Fracture,When is monitoring a visible cracked vital posterior tooth reasonable?,short_answer,What findings make monitoring a visible cracked vital posterior tooth more defensible?,"Low-risk findings: vital pulp, no biting pain, no caries or marginal breakdown driving the crack, normal probing, no apical/furcation bone change, no radiographic crack evidence, no progression, and ability to recall the patient.",,S63; S64; S65; S113; S133; S134; S157
CRACK-009-Q2,CRACK-009,Cracked Teeth And Root Fracture,When is monitoring a visible cracked vital posterior tooth reasonable?,multiple_choice,Which visible cracked tooth is least appropriate for simple monitoring?,Vital molar with pain on release and caries undermining the cracked marginal ridge,Asymptomatic vital premolar with shallow enamel crack and normal probing; Vital molar with pain on release and caries undermining the cracked marginal ridge; Asymptomatic vital molar with intact restoration and stable radiographs; Patient able to return for documented crack recall,S63; S64; S65; S113; S133; S134; S157
CRACK-010-Q1,CRACK-010,Cracked Teeth And Root Fracture,How fast should a cracked tooth receive definitive restoration after root canal treatment?,short_answer,Why is a temporary restoration only a bridge after RCT in a structurally at-risk cracked posterior tooth?,"It may seal briefly, but it does not provide durable cusp bracing, definitive marginal seal, fracture protection, or long-term load control. Definitive restoration and cuspal protection are part of the prognosis plan.",,S52; S54; S55; S63; S64; S65; S132; S146; S147
CRACK-010-Q2,CRACK-010,Cracked Teeth And Root Fracture,How fast should a cracked tooth receive definitive restoration after root canal treatment?,multiple_choice,Which cracked-tooth scenario most strongly calls for prompt definitive cuspal protection after RCT?,"Root-filled mandibular molar with MOD structure loss, undermined cusps, and a durable temporary only","Low-risk vital tooth with a superficial visible crack and no symptoms; Root-filled mandibular molar with MOD structure loss, undermined cusps, and a durable temporary only; Tooth with confirmed split root and a narrow deep periodontal defect; Anterior tooth with a craze line limited to enamel",S52; S54; S55; S63; S64; S65; S132; S146; S147
CRACK-011-Q1,CRACK-011,Cracked Teeth And Root Fracture,When can conservative adhesive cuspal protection be considered for a vital cracked posterior tooth?,short_answer,What conditions make conservative adhesive cuspal protection reasonable for a vital cracked posterior tooth?,"Vital low-risk status, symptoms compatible with reversible pulpitis or crack-related biting pain, no deep isolated probing or apical/furcation bone change, crack apparently limited to maintainable coronal enamel/dentin, favorable isolation, and a design that braces cusps while preserving follow-up.",,S63; S64; S65; S157
CRACK-011-Q2,CRACK-011,Cracked Teeth And Root Fracture,When can conservative adhesive cuspal protection be considered for a vital cracked posterior tooth?,multiple_choice,Which case best fits conservative adhesive cuspal protection rather than immediate RCT or extraction?,"Vital molar with cold/biting pain, no spontaneous pain, normal probing, and a coronal enamel-dentin crack that can be isolated","Vital molar with cold/biting pain, no spontaneous pain, normal probing, and a coronal enamel-dentin crack that can be isolated; Root-filled molar with chamber-floor crack extension and delayed crown plan; Premolar with a narrow 9 mm isolated periodontal defect and suspected VRF; Molar with swelling, sinus tract, necrotic pulp, and apical radiolucency",S63; S64; S65; S157
TRAUMA-001-Q1,TRAUMA-001,Trauma,What is the board triage for an avulsed permanent tooth?,short_answer,What is the first board-level action for an avulsed permanent tooth when safe immediate replantation is possible?,"Replant the permanent tooth immediately, handling it by the crown, then arrange urgent dental stabilization and follow-up.",,S34; S35; S74
TRAUMA-001-Q2,TRAUMA-001,Trauma,What is the board triage for an avulsed permanent tooth?,multiple_choice,Which avulsed tooth should not be replanted?,Primary incisor,Permanent maxillary incisor with 20 minutes dry time; Permanent incisor stored in milk; Primary incisor; Permanent incisor replanted at the scene,S34; S35; S74
TRAUMA-002-Q1,TRAUMA-002,Trauma,How should traumatic dental injuries be splinted and followed?,short_answer,Why is a passive flexible splint preferred for most replanted or luxated permanent teeth?,"It stabilizes the tooth while allowing physiologic mobility, supporting periodontal ligament healing and reducing risks associated with unnecessary rigid immobilization.",,S34; S35; S36
TRAUMA-002-Q2,TRAUMA-002,Trauma,How should traumatic dental injuries be splinted and followed?,multiple_choice,Which injury pattern most justifies a more rigid splint for about 4 weeks rather than a short flexible splint alone?,Avulsion with associated alveolar bone fracture,Simple concussion; Avulsion with associated alveolar bone fracture; Uncomplicated crown fracture; Subluxation with no displacement,S34; S35; S36
TRAUMA-003-Q1,TRAUMA-003,Trauma,When should endodontic treatment start after avulsion or severe luxation?,short_answer,Why is early root canal treatment recommended for a closed-apex permanent tooth after avulsion and replantation?,Closed-apex teeth have poor revascularization potential after avulsion; early RCT reduces infected necrotic pulp as a driver of inflammatory root resorption.,,S26; S34; S35; S36; S43
TRAUMA-003-Q2,TRAUMA-003,Trauma,When should endodontic treatment start after avulsion or severe luxation?,multiple_choice,Which finding is the weakest sole reason to start root canal treatment immediately in an immature traumatized permanent tooth?,One early negative cold test after trauma,External inflammatory resorption; Sinus tract of endodontic origin; One early negative cold test after trauma; Increasing radiographic signs of infection,S26; S34; S35; S36; S43
TRAUMA-004-Q1,TRAUMA-004,Trauma,What are the primary-tooth trauma boundaries?,short_answer,Why should an avulsed primary incisor not be replanted?,Replantation creates treatment burden and aspiration risk and can damage the developing permanent tooth or its eruption path; the child needs follow-up instead.,,S74; S35
TRAUMA-004-Q2,TRAUMA-004,Trauma,What are the primary-tooth trauma boundaries?,multiple_choice,Which primary-tooth trauma statement matches IADT 2020 guidance?,"Observation is often appropriate unless there is aspiration risk, occlusal interference, severe pain, infection, or fracture concerns","Replant avulsed primary incisors if the dry time is short; Extract every intruded primary tooth displaced toward the permanent tooth germ immediately; Observation is often appropriate unless there is aspiration risk, occlusal interference, severe pain, infection, or fracture concerns; Routine systemic antibiotics are indicated for all primary luxation injuries",S74; S35
TRAUMA-005-Q1,TRAUMA-005,Trauma,How should crown-root and root fractures be triaged?,short_answer,"In a root-fractured permanent incisor, which segment usually needs endodontic treatment if necrosis later develops?",The coronal segment usually becomes necrotic and is treated; the apical segment rarely requires endodontic treatment.,,S36; S8
TRAUMA-005-Q2,TRAUMA-005,Trauma,How should crown-root and root fractures be triaged?,multiple_choice,Which emergency action is most appropriate for many displaced root fractures of permanent teeth?,"Reposition the coronal segment, verify radiographically, splint flexibly, and monitor","Immediate root canal treatment of both fragments; Reposition the coronal segment, verify radiographically, splint flexibly, and monitor; Extract the apical segment at the first visit; Ignore follow-up if the tooth is comfortable after splinting",S36; S8
TRAUMA-006-Q1,TRAUMA-006,Trauma,"How should intrusion, ankylosis, and decoronation be planned?",short_answer,What is the initial IADT repositioning approach for an immature intruded permanent tooth?,"Allow spontaneous re-eruption initially; if no re-eruption occurs within about 4 weeks, initiate orthodontic repositioning.",,S35; S36; S43; S75
TRAUMA-006-Q2,TRAUMA-006,Trauma,"How should intrusion, ankylosis, and decoronation be planned?",multiple_choice,A mature permanent incisor is intruded 8 mm. Which board-level management is most consistent with IADT guidance?,Surgical repositioning and early endodontic treatment when position allows,Wait indefinitely for spontaneous re-eruption; Surgical repositioning and early endodontic treatment when position allows; Immediate decoronation at the emergency visit; No follow-up if the tooth is asymptomatic,S35; S36; S43; S75
ANES-001-Q1,ANES-001,Anesthesia,Why does the mandibular molar hot tooth often need more than a routine IANB?,short_answer,Why can a patient with a mandibular molar hot tooth have lip numbness but still feel endodontic access?,"Lip numbness confirms soft-tissue anesthesia, not pulpal anesthesia. Inflamed pulps can have sensitized nerves and altered excitability, so IANB can fail at the tooth even when the block appears clinically accurate.",,S17; S18; S19
ANES-001-Q2,ANES-001,Anesthesia,Why does the mandibular molar hot tooth often need more than a routine IANB?,multiple_choice,What is the best board-level next step when a mandibular molar with symptomatic irreversible pulpitis remains cold-responsive after lip numbness from an IANB?,Use/plan supplemental local anesthesia and reassess pulpal anesthesia,Start access because the lip is numb; Prescribe antibiotics and defer all local care; Use/plan supplemental local anesthesia and reassess pulpal anesthesia; Assume the patient is exaggerating,S17; S18; S19
ANES-002-Q1,ANES-002,Anesthesia,How should supplemental anesthesia be framed after failed IANB in irreversible pulpitis?,short_answer,Why is intrapulpal anesthesia considered a rescue technique rather than the first supplemental injection?,"It requires pulp exposure and back pressure to work, and it is painful. Earlier supplemental options such as buccal infiltration, intraligamentary, or intraosseous injection are usually attempted first when appropriate.",,S17; S18; S19; S20; S68; S69; S70
ANES-002-Q2,ANES-002,Anesthesia,How should supplemental anesthesia be framed after failed IANB in irreversible pulpitis?,multiple_choice,Which sequence best matches board framing after failed IANB for a hot mandibular molar?,"Supplement with local techniques such as buccal infiltration, PDL, or intraosseous anesthesia; use intrapulpal after exposure if needed","Repeat identical IANB indefinitely; Supplement with local techniques such as buccal infiltration, PDL, or intraosseous anesthesia; use intrapulpal after exposure if needed; Give antibiotics to improve anesthetic penetration; Proceed because soft tissue is numb",S17; S18; S19; S20; S68; S69; S70
ANES-003-Q1,ANES-003,Anesthesia,How should maximum local anesthetic dose be calculated during difficult endodontic anesthesia?,short_answer,Why is cartridge counting alone unsafe when multiple dental local anesthetics are used?,"Different anesthetics and concentrations contain different milligrams per cartridge, and toxicity is cumulative. Convert each cartridge to milligrams, add all agents, and apply the patient-specific lower limit.",,S17; S69; S70; S71; S99; S103
ANES-003-Q2,ANES-003,Anesthesia,How should maximum local anesthetic dose be calculated during difficult endodontic anesthesia?,multiple_choice,"A hot mandibular molar still hurts after several injections, and the patient is nearing the calculated dose limit. What is the best board-level move?","Stop and stage, refer, or change the care setting rather than exceed dose limits","Continue adding cartridges until access is possible; Stop and stage, refer, or change the care setting rather than exceed dose limits; Use oral sedation so local anesthesia no longer matters; Prescribe antibiotics to improve anesthesia",S17; S69; S70; S71; S99; S103
ANES-004-Q1,ANES-004,Anesthesia,How should vasoconstrictors be limited in medically complex endodontic patients?,short_answer,"What is the common adult epinephrine caution dose for a patient with cardiovascular risk, and what does it equal in 1:100,000 cartridges?","0.04 mg epinephrine; about two cartridges of 1:100,000 epinephrine-containing local anesthetic.",,S68; S69; S70
ANES-004-Q2,ANES-004,Anesthesia,How should vasoconstrictors be limited in medically complex endodontic patients?,multiple_choice,Which plan best matches vasoconstrictor management for a stable adult cardiac-risk patient needing endodontic anesthesia?,"Use the minimum effective vasoconstrictor, aspirate carefully, inject slowly, and track the adult 0.04 mg caution dose","Use unlimited 1:50,000 epinephrine because pain is severe; Use the minimum effective vasoconstrictor, aspirate carefully, inject slowly, and track the adult 0.04 mg caution dose; Avoid all local anesthesia and prescribe antibiotics; Ignore vasoconstrictor because only lidocaine milligrams matter",S68; S69; S70
ANES-005-Q1,ANES-005,Anesthesia,How should pediatric local anesthetic dosing be handled in endodontic emergencies?,short_answer,Why is adult cartridge counting unsafe for pediatric local anesthesia?,"Children need weight-based dosing. Different anesthetic concentrations and cartridge volumes contain different milligrams, and a routine adult cartridge count can exceed a child's patient-specific maximum dose.",,S99; S69; S70; S71
ANES-005-Q2,ANES-005,Anesthesia,How should pediatric local anesthetic dosing be handled in endodontic emergencies?,multiple_choice,"A 20 kg child needs 2% lidocaine for urgent endodontic care. Using AAPD's 4.4 mg/kg dental maximum and 34 mg per 1.7 mL cartridge, which ceiling is closest?",About 2.5 cartridges,About 1 cartridge; About 2.5 cartridges; About 5 cartridges; The same as a healthy adult maximum,S99; S69; S70; S71
ANES-006-Q1,ANES-006,Anesthesia,How should pregnancy change endodontic anesthesia and analgesia decisions?,short_answer,Why should urgent endodontic care not be postponed solely because a patient is pregnant?,"Needed dental treatment and local anesthesia are acceptable during pregnancy, and untreated odontogenic pain or infection may pose more risk than appropriate source control with pregnancy-aware medication choices.",,S100; S101; S102; S68; S69
ANES-006-Q2,ANES-006,Anesthesia,How should pregnancy change endodontic anesthesia and analgesia decisions?,multiple_choice,A patient at 28 weeks gestation has severe endodontic pain after diagnosis. Which analgesic frame is most appropriate?,"Acetaminophen when clinically indicated, while avoiding NSAIDs unless specifically advised","Routine ibuprofen until the tooth can be treated; Acetaminophen when clinically indicated, while avoiding NSAIDs unless specifically advised; No local anesthesia because pregnancy contraindicates epinephrine; Antibiotics instead of endodontic source control",S100; S101; S102; S68; S69
ANES-007-Q1,ANES-007,Anesthesia,How should local anesthetic systemic toxicity be recognized and managed in dental endodontic care?,short_answer,Name three immediate actions when local anesthetic systemic toxicity is suspected in a dental office.,"Stop local anesthetic injection, activate EMS/emergency response, support airway with oxygen and ventilation, control seizures, begin CPR if needed, and use 20% lipid emulsion rescue according to the emergency checklist when available.",,S103; S99; S69; S70; S71; S72
ANES-007-Q2,ANES-007,Anesthesia,How should local anesthetic systemic toxicity be recognized and managed in dental endodontic care?,multiple_choice,Which finding after repeated local anesthetic injections should trigger concern for LAST rather than another cartridge?,"Tinnitus, confusion, tremor, and falling blood pressure","Stable numb lip with no tooth anesthesia; Tinnitus, confusion, tremor, and falling blood pressure; Mild soreness at the injection site only; Cold sensitivity before anesthesia was given",S103; S99; S69; S70; S71; S72
ANES-008-Q1,ANES-008,Anesthesia,How should pediatric sedation-local anesthetic interactions be drilled for endodontic emergencies?,short_answer,Why should local anesthetic and sedative doses be recorded on a time-based record in a pediatric endodontic emergency?,"Because local anesthetic toxicity and sedation depth are cumulative safety problems. Time-based documentation tracks milligrams, sedative layering, patient response, and when a dose has reached peak effect before more drug is given.",,S99; S123; S72; S73; S103
ANES-008-Q2,ANES-008,Anesthesia,How should pediatric sedation-local anesthetic interactions be drilled for endodontic emergencies?,multiple_choice,A sedated child remains painfully responsive during emergency pulpotomy after several injections and is nearing the calculated local anesthetic ceiling. What is the best board-level response?,"Stop, stage emergency care, or refer to an appropriately monitored setting","Give more cartridges because sedation keeps the child still; Stop, stage emergency care, or refer to an appropriately monitored setting; Use antibiotics instead of diagnosis; Assume quiet behavior proves pulpal anesthesia",S99; S123; S72; S73; S103
SED-001-Q1,SED-001,Sedation And Emergency Planning,What are the nitrous and oral sedation boundaries when profound anesthesia cannot be achieved?,short_answer,Why is oral sedation not a substitute for local anesthesia in a hot endodontic tooth?,"Sedation may reduce anxiety and improve cooperation, but it does not create pulpal anesthesia or source control. The tooth still needs adequate local anesthesia, staged care, referral, or a more appropriate monitored setting.",,S7; S17; S69; S72; S73; S122
SED-001-Q2,SED-001,Sedation And Emergency Planning,What are the nitrous and oral sedation boundaries when profound anesthesia cannot be achieved?,multiple_choice,Which scenario crosses the ADA minimal-sedation boundary into moderate-sedation framing?,Multiple enteral sedative drugs during one appointment,Single enteral drug at or below MRD with proper monitoring; Nitrous oxide as a single agent with local anesthesia; Multiple enteral sedative drugs during one appointment; Cold testing before access,S7; S17; S69; S72; S73; S122
SED-002-Q1,SED-002,Sedation And Emergency Planning,How should pregnancy affect nitrous oxide or sedation decisions for endodontic care?,short_answer,What is the board-safe distinction between local anesthesia and nitrous/sedation in pregnancy?,"Needed dental treatment with appropriate local anesthesia is generally supported during pregnancy, but nitrous or sedation is a separate risk-management decision requiring gestational-age screening, obstetric consultation when indicated, and rescue-capable monitoring.",,S100; S72; S73; S122; S7
SED-002-Q2,SED-002,Sedation And Emergency Planning,How should pregnancy affect nitrous oxide or sedation decisions for endodontic care?,multiple_choice,A pregnant patient in the first trimester has deferrable elective endodontic treatment and asks for nitrous because of mild anxiety. What is the best board-level frame?,"Avoid elective first-trimester nitrous framing and defer, stage, or consult as appropriate","Nitrous is always acceptable because it clears quickly; Avoid elective first-trimester nitrous framing and defer, stage, or consult as appropriate; Use oral sedation at home before the appointment; Skip local anesthesia to reduce fetal exposure",S100; S72; S73; S122; S7
SED-003-Q1,SED-003,Sedation And Emergency Planning,How should breastfeeding affect nitrous oxide or procedural sedation choices for endodontic care?,short_answer,Why is a universal pump-and-dump instruction after dental sedation a weak board answer for a breastfeeding patient?,"Breastfeeding interruption depends on the exact drug, dose, route, maternal recovery, infant age, prematurity, medical fragility, and repeated sedative or opioid exposure. Many brief exposures do not require routine interruption, but midazolam, opioids, and vulnerable infants need specific planning.",,S135; S136; S137; S121; S122; S124; S72
SED-003-Q2,SED-003,Sedation And Emergency Planning,How should breastfeeding affect nitrous oxide or procedural sedation choices for endodontic care?,multiple_choice,A breastfeeding patient with a healthy term infant needs nitrous oxide for urgent pulpotomy. Local anesthesia is profound and the office meets sedation requirements. Which frame is most appropriate?,"Use nitrous as support, confirm local anesthesia, and avoid reflex pump-and-dump advice after maternal recovery","Cancel endodontic treatment because breastfeeding is a contraindication; Use nitrous as support, confirm local anesthesia, and avoid reflex pump-and-dump advice after maternal recovery; Use codeine routinely afterward because nitrous has worn off; Skip local anesthesia because nitrous provides pulpal anesthesia",S135; S136; S137; S121; S122; S124; S72
SED-004-Q1,SED-004,Sedation And Emergency Planning,What should pediatric sedation emergency drills cover before endodontic sedation?,short_answer,Name six elements that should be rehearsed in a pediatric sedation emergency drill for endodontic care.,"Patient selection and stop criteria, dose/time documentation, airway obstruction or apnea rescue, oxygen/suction/positive-pressure ventilation, emergency medications/LAST response, EMS activation and handoff, and recovery/discharge criteria.",,S123; S72; S99; S103; S158; S159
SED-004-Q2,SED-004,Sedation And Emergency Planning,What should pediatric sedation emergency drills cover before endodontic sedation?,multiple_choice,A minimally sedated child becomes difficult to arouse and obstructs during urgent pulpotomy. What is the best board-level response?,Rescue the deeper-than-intended sedation with airway/oxygen support and activate the office emergency plan,Finish the pulpotomy quickly before calling for help; Rescue the deeper-than-intended sedation with airway/oxygen support and activate the office emergency plan; Give more local anesthetic because the child is moving less; Discharge when the dental pain is gone,S123; S72; S99; S103; S158; S159
SED-005-Q1,SED-005,Sedation And Emergency Planning,How should less-common anxiolytics be selected for breastfeeding endodontic patients?,short_answer,"Why is repeated diazepam a weaker breastfeeding anxiolysis choice than a short, monitored lorazepam plan in many endodontic settings?","Diazepam and its active metabolite have long half-lives and can accumulate with repeated dosing, making infant sedation and poor feeding monitoring more important. Lorazepam has low milk levels and a shorter half-life, though infant monitoring and sedation rules still apply.",,S135; S148; S149; S150; S72
SED-005-Q2,SED-005,Sedation And Emergency Planning,How should less-common anxiolytics be selected for breastfeeding endodontic patients?,multiple_choice,A breastfeeding patient with a newborn asks for an oral anxiolytic before urgent endodontic drainage. Which plan best matches the board frame?,"Drug-specific lactation review, infant-risk screening, monitored shortest-acting reasonable anxiolysis or referral, and written infant monitoring","Repeated diazepam for several days plus codeine after treatment; Drug-specific lactation review, infant-risk screening, monitored shortest-acting reasonable anxiolysis or referral, and written infant monitoring; Hydroxyzine every night until the tooth is restored because antihistamines are always safer; No local anesthesia because sedation will make the procedure tolerable",S135; S148; S149; S150; S72
SED-006-Q1,SED-006,Sedation And Emergency Planning,How should state pediatric sedation permits be checked before urgent endodontic sedation?,short_answer,Why is ADA sedation guideline compliance not enough by itself before providing pediatric endodontic sedation?,"ADA guidance sets safety principles, but state dental board rules determine whether the dentist, office, provider arrangement, patient age, and sedation depth are legally permitted. State pediatric endorsement, life-support, inspection, documentation, and drill requirements may be stricter.",,S72; S123; S158; S159
SED-006-Q2,SED-006,Sedation And Emergency Planning,How should state pediatric sedation permits be checked before urgent endodontic sedation?,multiple_choice,An office has a moderate sedation permit for adults and wants to sedate a 9-year-old for urgent pulpotomy. What is the best board-level next step?,Check the state pediatric sedation/endorsement rule and refer or stage care if the office is not authorized and rescue-ready,Proceed because urgent endodontic pain overrides permit limits; Check the state pediatric sedation/endorsement rule and refer or stage care if the office is not authorized and rescue-ready; Send an oral sedative for home dosing so the visit is simpler; Use deeper sedation because a child is less cooperative,S72; S123; S158; S159
PAIN-001-Q1,PAIN-001,Pain Control,Why are NSAIDs with or without acetaminophen first-line for endodontic pain?,short_answer,Why does adding acetaminophen to an NSAID make pharmacologic sense for acute endodontic pain?,"NSAIDs reduce peripheral prostaglandin-mediated inflammatory pain, while acetaminophen acts through a different analgesic pathway. When both are safe, the combination can improve pain control without moving directly to opioids.",,S21; S22; S23
PAIN-001-Q2,PAIN-001,Pain Control,Why are NSAIDs with or without acetaminophen first-line for endodontic pain?,multiple_choice,Which plan best matches board-level pharmacologic management of endodontic toothache when definitive care is delayed and no contraindications are given?,NSAID alone or NSAID plus acetaminophen while arranging definitive dental care,Antibiotics alone; NSAID alone or NSAID plus acetaminophen while arranging definitive dental care; Routine opioid prescription before trying nonopioids; No analgesics because root canal treatment is needed,S21; S22; S23
PAIN-002-Q1,PAIN-002,Pain Control,"When, if ever, should opioids be used for endodontic pain?",short_answer,Why are opioids not first-line for most endodontic pain?,"They do not treat the inflammatory or infectious source, have important adverse effects and misuse/diversion risk, and NSAID-based regimens plus definitive dental care usually provide a better risk-benefit balance.",,S21; S22; S23; S25
PAIN-002-Q2,PAIN-002,Pain Control,"When, if ever, should opioids be used for endodontic pain?",multiple_choice,Which opioid plan best matches ADA/CDC-style board framing?,"Reserve opioids for rare rescue situations at the lowest effective dose, fewest tablets, and shortest duration after risk review","Give a week of opioids just in case pain worsens; Use opioids routinely for irreversible pulpitis; Reserve opioids for rare rescue situations at the lowest effective dose, fewest tablets, and shortest duration after risk review; Use opioids instead of local anesthesia for a hot tooth",S21; S22; S23; S25
PAIN-003-Q1,PAIN-003,Pain Control,Should occlusal reduction be routine for endodontic postoperative pain prevention?,short_answer,What is the board-level distinction between selective occlusal adjustment and routine occlusal reduction after endodontic treatment?,"Selective adjustment corrects a real high or traumatic contact. Routine occlusal reduction removes tooth/restorative structure from every endodontic tooth to prevent pain, which is not supported as a universal strategy.",,S24
PAIN-003-Q2,PAIN-003,Pain Control,Should occlusal reduction be routine for endodontic postoperative pain prevention?,multiple_choice,Which patient is the best candidate for occlusal adjustment as part of endodontic pain management?,A tooth with a clearly high provisional restoration and biting pain,Every molar after obturation; A tooth with no occlusal contact; A tooth with a clearly high provisional restoration and biting pain; An anterior tooth with no percussion or biting symptoms,S24
PAIN-004-Q1,PAIN-004,Pain Control,How should lactation affect endodontic analgesic and antibiotic choices?,short_answer,Why should breastfeeding not automatically stop when a nursing mother receives routine endodontic local anesthesia or common nonopioid analgesics?,"Drug-specific lactation guidance supports compatibility for common choices such as dental lidocaine, acetaminophen, and ibuprofen in typical use. The safer board frame is source control plus compatible medication selection and infant monitoring when needed, not reflex breastfeeding interruption.",,S115; S116; S117; S118; S119; S120; S121; S124; S1; S21; S22
PAIN-004-Q2,PAIN-004,Pain Control,How should lactation affect endodontic analgesic and antibiotic choices?,multiple_choice,Which medication plan best matches lactation-aware endodontic pain management when no contraindications are given?,"Use compatible source control with acetaminophen and/or ibuprofen when safe, reserving opioids for rare rescue situations","Avoid local anesthesia and prescribe antibiotics only; Use compatible source control with acetaminophen and/or ibuprofen when safe, reserving opioids for rare rescue situations; Use codeine routinely because dental pain is severe; Tell every breastfeeding patient to pump and discard milk after amoxicillin",S115; S116; S117; S118; S119; S120; S121; S124; S1; S21; S22
IMG-001-Q1,IMG-001,Imaging,When is CBCT justified in endodontics?,short_answer,What is the main board-level justification for CBCT in endodontics?,"A specific diagnostic or treatment-planning question remains after conventional assessment, and CBCT is likely to change management.",,S8; S9; S16; S64; S66; S67
IMG-001-Q2,IMG-001,Imaging,When is CBCT justified in endodontics?,multiple_choice,Which CBCT use is least defensible?,Routine screening of all endodontic patients,Suspected invasive cervical resorption; Pre-surgical apical planning; Routine screening of all endodontic patients; Nonhealing case with inconclusive periapicals,S8; S9; S16; S64; S66; S67
WL-001-Q1,WL-001,Working Length,Why determine working length with both electronic and radiographic information?,short_answer,Why should working length not be set solely from the radiographic apex?,"The radiographic apex is a 2D image landmark and may not coincide with the apical foramen or apical constriction. Working length should reconcile apex locator data, radiographs, anatomy, and clinical findings.",,S11; S12; S26; S42
WL-001-Q2,WL-001,Working Length,Why determine working length with both electronic and radiographic information?,multiple_choice,Which working-length approach best matches AAE treatment standards?,Use an electronic apex locator with verifying radiographs and apical anatomy,Use a single preoperative radiograph only; Instrument all canals to the radiographic apex; Use an electronic apex locator with verifying radiographs and apical anatomy; Skip working length if CBCT was taken,S11; S12; S26; S42
WL-002-Q1,WL-002,Working Length,Why maintain apical patency during cleaning and shaping?,short_answer,What is the difference between maintaining apical patency and over-instrumenting the apex?,Patency uses a small flexible file passively to keep the apical pathway free of debris; over-instrumentation forces or enlarges beyond the apex and can injure periapical tissues or extrude debris.,,S13; S14; S15
WL-002-Q2,WL-002,Working Length,Why maintain apical patency during cleaning and shaping?,multiple_choice,Which situation is a poor candidate for routine apical patency with a file beyond the constriction?,Immature open apex with uncontrolled extrusion risk,Mature canal where a small file passes passively; Canal where debris blockage is developing; Immature open apex with uncontrolled extrusion risk; Need to confirm a stable working length,S13; S14; S15
WL-003-Q1,WL-003,Working Length,How should working length be handled in open or immature apices?,short_answer,Why is the usual mature-tooth working-length heuristic less reliable in an immature open apex?,"A normal apical constriction or apical stop may be absent, so electronic, tactile, and radiographic findings must be interpreted cautiously and the plan modified to prevent extrusion.",,S7; S11; S12; S26; S42; S44
WL-003-Q2,WL-003,Working Length,How should working length be handled in open or immature apices?,multiple_choice,Which finding most strongly changes routine working-length and obturation logic?,Open apex greater than 1.5 mm with no apical stop,Closed mature apex with stable EAL and cone fit; Open apex greater than 1.5 mm with no apical stop; Straight canal in an anterior tooth; A rubber stop that is hard to see,S7; S11; S12; S26; S42; S44
WL-004-Q1,WL-004,Working Length,What should be done when EAL and radiographic working length disagree?,short_answer,What is the board-safe response to a major mismatch between EAL and radiographic working length?,"Stop and troubleshoot the discrepancy rather than averaging: verify reference point, file fit, canal path, patency/blockage, fluids or medicaments, anatomy, resorption, and perforation; use angled radiographs, CBCT, staging, or referral if needed.",,S7; S8; S11; S12; S26; S42
WL-004-Q2,WL-004,Working Length,What should be done when EAL and radiographic working length disagree?,multiple_choice,An apex locator repeatedly reads apex with the file far short radiographically during retreatment. What concern should be on the differential?,A false communication such as perforation or resorption,The tooth is automatically ready to obturate; A false communication such as perforation or resorption; The radiograph is always wrong; Antibiotics are indicated,S7; S8; S11; S12; S26; S42
WL-005-Q1,WL-005,Working Length,How should suspected resorption or perforation change working-length decisions?,short_answer,Why can an apex locator read apex at a perforation?,Because the device detects electrical communication with periodontal tissues; a perforation or resorptive defect can create that communication away from the true apical constriction.,,S7; S8; S26; S33; S42; S43; S45
WL-005-Q2,WL-005,Working Length,How should suspected resorption or perforation change working-length decisions?,multiple_choice,"During post removal, the EAL suddenly reads apex in the middle third and bleeding appears. What is the safest next step?","Stop, confirm possible perforation/resorption with imaging and clinical assessment, and repair or refer","Prepare the canal to that new length; Obturate immediately to seal the bleeding; Stop, confirm possible perforation/resorption with imaging and clinical assessment, and repair or refer; Prescribe antibiotics and continue shaping",S7; S8; S26; S33; S42; S43; S45
OBT-001-Q1,OBT-001,Obturation,When is a canal ready to obturate?,short_answer,What are three prerequisites before obturating a root canal?,"Adequate cleaning/shaping/irrigation, a stable working length with apical control/cone fit, and a canal that can be dried and sealed with a durable coronal plan.",,S11; S26; S37; S52; S54
OBT-001-Q2,OBT-001,Obturation,When is a canal ready to obturate?,multiple_choice,Which finding most strongly argues against obturating today?,Persistent canal exudate that prevents drying,Dry canal with stable cone fit; Persistent canal exudate that prevents drying; Master cone reaches working length with tug-back; Immediate coronal seal is available,S11; S26; S37; S52; S54
OBT-002-Q1,OBT-002,Obturation,How should warm vertical compaction and single-cone bioceramic obturation be compared?,short_answer,Why is warm vertical compaction not automatically the safest obturation choice?,"It increases gutta-percha flow into anatomy, but that same flow can extrude material when apical control is poor, especially with open, resorbed, transported, or neurovascular-proximity apices.",,S26; S37; S38; S39; S76; S81
OBT-002-Q2,OBT-002,Obturation,How should warm vertical compaction and single-cone bioceramic obturation be compared?,multiple_choice,Which statement best compares single-cone bioceramic obturation with warm vertical compaction?,"Technique choice depends on anatomy, cone fit, sealer system, apical control, and operator skill","Single-cone bioceramic always heals better; Warm vertical always heals better; Technique choice depends on anatomy, cone fit, sealer system, apical control, and operator skill; Obturation technique matters more than disinfection",S26; S37; S38; S39; S76; S81
OBT-003-Q1,OBT-003,Obturation,"When are carrier-based obturation systems useful, and what risks do they add?",short_answer,What is the main obturation-specific risk created by carrier-based systems?,"Apically directed hydraulic pressure can drive sealer or gutta-percha beyond the canal if working length, sealer amount, insertion speed, and apical resistance are not controlled.",,S26; S37; S40; S41
OBT-003-Q2,OBT-003,Obturation,"When are carrier-based obturation systems useful, and what risks do they add?",multiple_choice,Which carrier-based obturation habit best matches AAE safety guidance?,Verify working length and insert slowly with minimal sealer,Use extra sealer to lubricate the carrier; Insert the carrier quickly to avoid cooling; Verify working length and insert slowly with minimal sealer; Ignore open apex risk because the carrier is solid,S26; S37; S40; S41
OBT-004-Q1,OBT-004,Obturation,How should calcium silicate sealer retreatability affect obturation planning?,short_answer,What is the board-safe way to phrase retreatability of calcium silicate sealer-based obturation?,"It is not impossible to retreat, but it can be more challenging and less predictable; plan with cone fit, minimal sealer excess, apical control, documentation, and referral when needed.",,S37; S58; S59; S76; S77; S78; S81
OBT-004-Q2,OBT-004,Obturation,How should calcium silicate sealer retreatability affect obturation planning?,multiple_choice,Which statement best matches current evidence on calcium silicate sealer retreatability?,"Retreatment usually depends on mechanical access/removal with adjuncts, and evidence is mostly laboratory-based","A known solvent predictably dissolves set calcium silicate sealer clinically; Complete removal is guaranteed if chloroform is used; Retreatment usually depends on mechanical access/removal with adjuncts, and evidence is mostly laboratory-based; These sealers should never be used because retreatment is impossible",S37; S58; S59; S76; S77; S78; S81
OBT-005-Q1,OBT-005,Obturation,How should post-space preparation be planned after single-cone or carrier-based obturation?,short_answer,What are the two main things post-space preparation must preserve after obturation?,The remaining apical root filling/seal and radicular dentin; the post should retain the core without sacrificing the seal or weakening/perforating the root.,,S37; S52; S54; S56; S76; S80
OBT-005-Q2,OBT-005,Obturation,How should post-space preparation be planned after single-cone or carrier-based obturation?,multiple_choice,Which post-space plan is most defensible?,Prepare a safe canal only when a post is needed for core retention and verify the apical fill remains intact,Place a post in every root-filled tooth to strengthen it; Remove apical filling until the post is as long as possible; Prepare a safe canal only when a post is needed for core retention and verify the apical fill remains intact; Delay all post-space preparation because delayed preparation is always clinically superior,S37; S52; S54; S56; S76; S80
OBT-006-Q1,OBT-006,Obturation,How should heat compatibility be handled with calcium silicate sealers?,short_answer,What is the safest board-level rule before using a calcium silicate sealer with a warm obturation technique?,Confirm that the specific sealer and technique are heat-compatible according to product instructions and evidence; do not assume all bioceramic sealers tolerate heat alike.,,S37; S76; S79; S81
OBT-006-Q2,OBT-006,Obturation,How should heat compatibility be handled with calcium silicate sealers?,multiple_choice,Which heat-related change has been reported for calcium silicate-based sealers?,Heat can accelerate setting and reduce flow depending on the product,Heat always improves clinical healing; Heat can accelerate setting and reduce flow depending on the product; Heat makes all calcium silicate sealers easier to retreat; Heat has no measurable effect on sealer properties,S37; S76; S79; S81
REST-001-Q1,REST-001,Post-Endodontic Restoration,How should restorability and ferrule be judged before endodontic treatment?,short_answer,What is the ferrule effect in a crowned endodontically treated tooth?,A band of sound coronal dentin engaged by the restoration helps distribute functional forces through tooth structure and reduces stress concentration at the post/core or root.,,S51; S52; S53; S54
REST-001-Q2,REST-001,Post-Endodontic Restoration,How should restorability and ferrule be judged before endodontic treatment?,multiple_choice,Which finding most strongly argues against starting routine RCT before further restorative/prognosis assessment?,No remaining supragingival tooth structure and deep root dentin caries,A restorable tooth with intact margins; No remaining supragingival tooth structure and deep root dentin caries; A tooth with a narrow pulp chamber; A posterior tooth needing cuspal coverage,S51; S52; S53; S54
REST-002-Q1,REST-002,Post-Endodontic Restoration,When is a post indicated after root canal treatment?,short_answer,What is the primary indication for placing a post in an endodontically treated tooth?,To retain a core when remaining coronal tooth structure and chamber/core retention are insufficient for the planned final restoration.,,S52; S54; S56
REST-002-Q2,REST-002,Post-Endodontic Restoration,When is a post indicated after root canal treatment?,multiple_choice,Which statement best describes posts in root-filled teeth?,They retain a core when coronal retention is inadequate,They are required after every root canal; They strengthen the root by replacing dentin; They retain a core when coronal retention is inadequate; They eliminate the need for ferrule,S52; S54; S56
REST-003-Q1,REST-003,Post-Endodontic Restoration,When should cuspal coverage and definitive restoration follow endodontic treatment?,short_answer,Why is the final coronal restoration considered part of endodontic prognosis?,It prevents coronal leakage into the disinfected canal system and protects the remaining tooth structure from functional fracture.,,S53; S54; S55; S57
REST-003-Q2,REST-003,Post-Endodontic Restoration,When should cuspal coverage and definitive restoration follow endodontic treatment?,multiple_choice,Which root-filled tooth most strongly points toward cuspal coverage?,Posterior molar with large MOD loss and undermined cusps,Anterior tooth with a small palatal access and intact proximal walls; Posterior molar with large MOD loss and undermined cusps; Premolar with intact marginal ridges and conservative access only; Tooth with no antagonist and intact cusps,S53; S54; S55; S57
RETX-001-Q1,RETX-001,Retreatment And Surgery,How should persistent disease after root canal treatment be triaged?,short_answer,"What questions should be answered before choosing retreatment, apical surgery, or extraction for a previously treated tooth?","Confirm the diagnosis, then assess restorability, periodontal support, coronal seal/restoration, prior treatment quality, likely etiology, strategic value, patient factors, and whether orthograde or surgical access can predictably address the cause.",,S10; S58; S59; S61
RETX-001-Q2,RETX-001,Retreatment And Surgery,How should persistent disease after root canal treatment be triaged?,multiple_choice,Which finding most strongly shifts a failing root canal case toward extraction rather than retreatment or apical surgery?,Vertical root fracture with isolated deep probing and poor restorability,Missed MB2 canal in a restorable molar; Short obturation with coronal leakage; Vertical root fracture with isolated deep probing and poor restorability; Separated instrument coronal to a persistent lesion in a strategic tooth,S10; S58; S59; S61
RETX-002-Q1,RETX-002,Retreatment And Surgery,When is nonsurgical root canal retreatment preferred?,short_answer,Why is nonsurgical retreatment often preferred when a missed canal or coronal leakage caused post-treatment disease?,"Because the disease driver is likely intraradicular and accessible; orthograde retreatment can reopen the canal system, correct missed anatomy or leakage, disinfect, obturate, and restore the tooth with a new coronal seal.",,S59; S60
RETX-002-Q2,RETX-002,Retreatment And Surgery,When is nonsurgical root canal retreatment preferred?,multiple_choice,Which scenario best supports nonsurgical retreatment?,Restorable molar with untreated MB2 canal and failing coronal restoration,Restorable molar with untreated MB2 canal and failing coronal restoration; Confirmed vertical root fracture; Nonrestorable root caries below bone; Hopeless furcation involvement unrelated to the endodontic lesion,S59; S60
RETX-003-Q1,RETX-003,Retreatment And Surgery,When is apical surgery preferred over nonsurgical retreatment?,short_answer,Why might apical surgery be preferred for a well-restored tooth with a large post and persistent apical periodontitis?,"Removing the post and crown may risk fracture, perforation, loss of ferrule, or loss of a good restoration. If the apical lesion is surgically accessible and the tooth is otherwise maintainable, surgery can address the apical disease more conservatively than dismantling the restoration.",,S10; S59; S61; S62; S89; S91; S92; S93; S94
RETX-003-Q2,RETX-003,Retreatment And Surgery,When is apical surgery preferred over nonsurgical retreatment?,multiple_choice,Which scenario most strongly favors apical surgery over nonsurgical retreatment?,Adequately root-filled anterior tooth with persistent apical lesion and a well-fitting post/crown whose removal risks root damage,Restorable molar with obvious untreated canal and removable restoration; Adequately root-filled anterior tooth with persistent apical lesion and a well-fitting post/crown whose removal risks root damage; Tooth with confirmed vertical root fracture; Root-filled molar with open margins and recurrent caries under the crown,S10; S59; S61; S62; S89; S91; S92; S93; S94
SURG-001-Q1,SURG-001,Surgical Endodontics,How should root-end filling materials be selected during apical surgery?,short_answer,Why is a calcium silicate or bioceramic root-end filling material board-safe in modern apical surgery?,"It is biocompatible, tolerates the moist surgical field, and can seal the retropreparation after root-end resection/inspection; MTA has the longest clinical track record, with newer bioceramics promising but not a universal brand-specific answer.",,S62; S89; S90
SURG-001-Q2,SURG-001,Surgical Endodontics,How should root-end filling materials be selected during apical surgery?,multiple_choice,Which factor should stop confidence in a root-end filling material from driving the treatment plan?,Confirmed vertical root fracture or nonrestorable structure,Controlled hemostasis and visible retropreparation; A restorable tooth with an accessible apical lesion; Confirmed vertical root fracture or nonrestorable structure; Use of a calcium silicate root-end material,S62; S89; S90
SURG-002-Q1,SURG-002,Surgical Endodontics,When should tissue from apical surgery be submitted for biopsy?,short_answer,Why should periradicular tissue removed during apical surgery often be submitted for histopathology?,Radiographs and clinical findings cannot reliably prove the lesion is routine endodontic granuloma or cyst; histopathology can identify non-endodontic or atypical pathology that changes care.,,S91; S92
SURG-002-Q2,SURG-002,Surgical Endodontics,When should tissue from apical surgery be submitted for biopsy?,multiple_choice,Which scenario most strongly supports biopsy submission during apical surgery?,Atypical expanding lesion inconsistent with pulp tests,Small asymptomatic radiolucency with no tissue removed; Atypical expanding lesion inconsistent with pulp tests; Routine access through an intact crown; Normal healing at 6 months,S91; S92
SURG-003-Q1,SURG-003,Surgical Endodontics,How should maxillary sinus and neurovascular risk shape apical surgery planning?,short_answer,Name four anatomic structures or features that should be mapped before posterior apical surgery when conventional radiographs are insufficient.,"Examples include maxillary sinus floor, mental foramen, mandibular canal/inferior alveolar nerve, palatal neurovascular bundle, cortical plate thickness, root inclination, adjacent roots, and the planned osteotomy/access path.",,S8; S89; S93; S94; S112
SURG-003-Q2,SURG-003,Surgical Endodontics,How should maxillary sinus and neurovascular risk shape apical surgery planning?,multiple_choice,Which reason best justifies CBCT before apical surgery?,The scan will clarify sinus or mandibular canal proximity and may change the surgical plan,The clinician wants a routine 3D image for every case; The scan will clarify sinus or mandibular canal proximity and may change the surgical plan; The periapical radiograph already answers the surgical-access question; The patient requests more imaging without a clinical question,S8; S89; S93; S94; S112
SURG-004-Q1,SURG-004,Surgical Endodontics,When should guided endodontic microsurgery be considered?,short_answer,What is the main board-level reason to consider guided endodontic microsurgery?,"To transfer a CBCT/digital plan into a safer, more conservative surgical path when anatomy makes freehand localization or access high risk, while still completing standard microsurgical source-control steps.",,S8; S89; S112; S130; S131; S144
SURG-004-Q2,SURG-004,Surgical Endodontics,When should guided endodontic microsurgery be considered?,multiple_choice,Which case best supports guided endodontic microsurgery?,Restorable posterior tooth with a difficult-to-localize root apex near vital anatomy where CBCT planning will change the surgical path,Restorable posterior tooth with a difficult-to-localize root apex near vital anatomy where CBCT planning will change the surgical path; Nonrestorable tooth with a vertical root fracture; Anterior tooth with straightforward access and no anatomic uncertainty; Any endodontic surgery because digital guides are always superior,S8; S89; S112; S130; S131; S144
SURG-005-Q1,SURG-005,Surgical Endodontics,"How should flap design, hemostasis, and closure be chosen for apical surgery?",short_answer,Why does hemostasis matter during endodontic microsurgery beyond patient comfort?,"It allows inspection of the resected root surface and predictable retropreparation/root-end filling placement; uncontrolled bleeding can hide cracks, isthmuses, and material adaptation problems.",,S89; S109
SURG-005-Q2,SURG-005,Surgical Endodontics,"How should flap design, hemostasis, and closure be chosen for apical surgery?",multiple_choice,Which flap/hemostasis principle is most board-safe?,"Choose access that exposes the target, preserves tissue, controls bleeding, and can be closed passively","Choose access that exposes the target, preserves tissue, controls bleeding, and can be closed passively; Always choose a semilunar flap to avoid sulcular incisions; Leave hemostatic pellets in the crypt to maintain postoperative hemostasis; Select the root-end material first and then decide whether visibility is adequate",S89; S109
SURG-006-Q1,SURG-006,Surgical Endodontics,When do through-and-through lesions or intentional replantation change the surgical plan?,short_answer,Why might a through-and-through apical lesion change the surgical plan?,"Loss of cortical containment can reduce clot stability and allow soft-tissue ingrowth, so selected cases may need membrane/graft planning after endodontic source control and primary closure.",,S58; S89; S110; S111
SURG-006-Q2,SURG-006,Surgical Endodontics,When do through-and-through lesions or intentional replantation change the surgical plan?,multiple_choice,Which claim about regenerative adjuncts in endodontic surgery is most board-safe?,"GTR may be considered for selected uncontained or through-and-through defects after source control, but product-specific superiority is not a universal rule","PRF or a membrane is mandatory for every large apical radiolucency; A graft can compensate for an unsealed or infected root end; GTR may be considered for selected uncontained or through-and-through defects after source control, but product-specific superiority is not a universal rule; Regenerative adjuncts make periodontal prognosis irrelevant",S58; S89; S110; S111
SURG-007-Q1,SURG-007,Surgical Endodontics,How should dynamic navigation and product-specific guided-surgery accuracy be framed?,short_answer,Name four checks before relying on dynamic navigation or a guided surgery workflow for endodontic microsurgery.,"Verify a justified CBCT question, restorability/periodontal prognosis, guide fit or navigation registration/calibration/tracking, operator training and fallback plan, and access for magnification-based root-end inspection and sealing.",,S8; S89; S112; S130; S131; S144; S155; S156
SURG-007-Q2,SURG-007,Surgical Endodontics,How should dynamic navigation and product-specific guided-surgery accuracy be framed?,multiple_choice,Which statement is the best board-safe framing of dynamic navigation in endodontic microsurgery?,"Dynamic navigation may help selected anatomic-risk cases if CBCT indication, registration/tracking, visualization, and fallback are verified","Dynamic navigation guarantees superior periapical healing; The product with the lowest advertised deviation should always be used; Dynamic navigation may help selected anatomic-risk cases if CBCT indication, registration/tracking, visualization, and fallback are verified; Digital navigation eliminates the need for root-end inspection",S8; S89; S112; S130; S131; S144; S155; S156
SURG-008-Q1,SURG-008,Surgical Endodontics,"How should accuracy, magnification, and early healing endpoints be translated into apical-surgery claims?",short_answer,Why can't a small guided-surgery deviation or dynamic-navigation accuracy number be treated as proof of better endodontic surgical healing?,"Accuracy is a surrogate endpoint. It may support safer access in selected anatomy, but healing depends on diagnosis, source control, root-end inspection and seal, restorability, periodontal status, complications, and long-term clinical/radiographic follow-up.",,S8; S62; S89; S110; S112; S144; S145; S155; S156
SURG-008-Q2,SURG-008,Surgical Endodontics,"How should accuracy, magnification, and early healing endpoints be translated into apical-surgery claims?",multiple_choice,Which statement best translates early apical-surgery evidence into a board-safe claim?,Early healing and accurate access are encouraging endpoints but must be linked to longer clinical outcomes before making superiority claims,A one-year healed case never needs further recall; The lowest advertised navigation deviation proves best healing; Early healing and accurate access are encouraging endpoints but must be linked to longer clinical outcomes before making superiority claims; A regenerative adjunct can rescue persistent infection if the defect is large,S8; S62; S89; S110; S112; S144; S145; S155; S156
SURG-009-Q1,SURG-009,Surgical Endodontics,How should modern microsurgery outcome data be used when comparing digital surgical tools?,short_answer,Why can modern microsurgery success rates not be used as proof that dynamic navigation is superior?,"Because most modern microsurgery outcomes reflect a bundled procedure and case selection. Unless dynamic navigation was directly tested with comparable clinical healing, survival, and complication endpoints, the data support the bundle, not navigation superiority.",,S8; S62; S89; S110; S112; S144; S155; S156
SURG-009-Q2,SURG-009,Surgical Endodontics,How should modern microsurgery outcome data be used when comparing digital surgical tools?,multiple_choice,Which claim is most defensible from high-magnification microsurgery outcome evidence?,High magnification supports visualization and precise root-end work within modern microsurgery,High magnification supports visualization and precise root-end work within modern microsurgery; Dynamic navigation always heals better than static guides; PRF is mandatory for every apical surgery; A small laboratory deviation proves better long-term survival,S8; S62; S89; S110; S112; S144; S155; S156
REG-001-Q1,REG-001,Regenerative Endodontics,When is regenerative endodontic treatment preferred over apexification?,short_answer,What is the classic board indication for a regenerative endodontic procedure?,"A restorable immature permanent tooth with necrotic pulp and an open apex, when continued root development is desirable and staged treatment/follow-up are feasible.",,S44; S46; S49
REG-001-Q2,REG-001,Regenerative Endodontics,When is regenerative endodontic treatment preferred over apexification?,multiple_choice,Which factor most strongly argues against regenerative endodontic treatment as the primary plan?,Pulp space is needed for a post/core final restoration,Necrotic immature permanent tooth with open apex; Pulp space is needed for a post/core final restoration; Compliant patient and parent; Restorable tooth that can be isolated,S44; S46; S49
REG-002-Q1,REG-002,Regenerative Endodontics,How should disinfection be modified for regenerative endodontics?,short_answer,Why are lower NaOCl concentrations used in regenerative endodontic protocols than in many conventional RCT protocols?,"They aim to preserve stem-cell survival in apical tissues while still disinfecting through copious, gentle irrigation and adequate contact time.",,S44; S46; S50
REG-002-Q2,REG-002,Regenerative Endodontics,How should disinfection be modified for regenerative endodontics?,multiple_choice,Which medicament approach best matches AAE regenerative considerations?,Calcium hydroxide or low-concentration TAP placed within the canal,High-concentration TAP packed into the crown; Calcium hydroxide or low-concentration TAP placed within the canal; No temporary seal after medicament placement; Routine chlorhexidine-only disinfection because it is substantive,S44; S46; S50
REG-003-Q1,REG-003,Regenerative Endodontics,"How are scaffold, cervical seal, and follow-up judged after regenerative endodontics?",short_answer,"What are the primary, secondary, and tertiary goals of regenerative endodontic procedures in AAE framing?",Primary: elimination of symptoms and bony healing. Secondary: increased root wall thickness and/or root length. Tertiary: positive response to vitality/sensibility testing.,,S44; S46; S47; S48; S82
REG-003-Q2,REG-003,Regenerative Endodontics,"How are scaffold, cervical seal, and follow-up judged after regenerative endodontics?",multiple_choice,Which follow-up finding is the best primary evidence that a regenerative case is succeeding?,No pain/swelling/sinus tract with healing apical radiolucency,Immediate positive cold test at one week; No pain/swelling/sinus tract with healing apical radiolucency; A larger access cavity; A sealer puff beyond the apex,S44; S46; S47; S48; S82
REG-004-Q1,REG-004,Regenerative Endodontics,How should discoloration risk be prevented and managed after regenerative endodontics?,short_answer,Name three protocol choices that reduce discoloration risk during regenerative endodontic treatment.,"Avoid or minimize minocycline-containing TAP, keep medicament below the CEJ, seal chamber dentin when antibiotic paste is used, choose calcium hydroxide or DAP/minocycline alternatives when appropriate, and use lower-staining barrier/restorative materials in esthetic teeth.",,S44; S82; S83
REG-004-Q2,REG-004,Regenerative Endodontics,How should discoloration risk be prevented and managed after regenerative endodontics?,multiple_choice,A healed regenerative case on a maxillary incisor is discolored. What should be confirmed before esthetic bleaching or masking?,Disease control and a stable cervical/coronal seal,Only that the patient wants a lighter shade; Disease control and a stable cervical/coronal seal; That the cold test is positive; That minocycline was used,S44; S82; S83
REG-005-Q1,REG-005,Regenerative Endodontics,How should nonresponse or failure after regenerative endodontics be triaged?,short_answer,What should be reassessed before choosing treatment for a failed regenerative endodontic case?,"Reassess diagnosis, coronal seal/leakage, restorability, fracture or resorption, root development, canal accessibility, apical control/apical seat, symptoms, radiographic healing, patient compliance, and referral need.",,S44; S48; S84; S85
REG-005-Q2,REG-005,Regenerative Endodontics,How should nonresponse or failure after regenerative endodontics be triaged?,multiple_choice,Which finding alone should not be used to diagnose failure of an otherwise healing regenerative case?,Negative cold/EPT response,Persistent sinus tract; Enlarging apical radiolucency; Negative cold/EPT response; Progressive inflammatory root resorption,S44; S48; S84; S85
REG-006-Q1,REG-006,Regenerative Endodontics,When is orthodontic movement considered after regenerative endodontics?,short_answer,What is the conservative timing frame for orthodontic movement after regenerative endodontic or revitalization treatment in a traumatized immature tooth?,"Delay until stable results are documented, with guideline-style recommendations commonly advising at least a 2-year observation/review period, adjusted for the original trauma and healing status.",,S44; S86; S87; S88
REG-006-Q2,REG-006,Regenerative Endodontics,When is orthodontic movement considered after regenerative endodontics?,multiple_choice,Which orthodontic plan best fits a tooth previously treated with REP?,"Interdisciplinary plan with stable healing, light or modified forces, and serial radiographs","Immediate heavy movement once pain is gone; Routine archwire inclusion with no endodontic monitoring; Interdisciplinary plan with stable healing, light or modified forces, and serial radiographs; Extraction because orthodontics is always contraindicated",S44; S86; S87; S88
VPT-001-Q1,VPT-001,Vital Pulp Therapy,Why consider vital pulp therapy instead of immediate pulpectomy/RCT?,short_answer,Name four requirements that make vital pulp therapy biologically plausible.,"Accurate diagnosis/case selection, rubber dam asepsis, hemostasis/disinfection, calcium silicate biomaterial, and immediate durable coronal seal.",,S6; S9; S10
VPT-001-Q2,VPT-001,Vital Pulp Therapy,Why consider vital pulp therapy instead of immediate pulpectomy/RCT?,multiple_choice,Which material class is most associated with contemporary VPT success?,Calcium silicate cement/MTA/bioceramic,Zinc phosphate cement; Calcium silicate cement/MTA/bioceramic; Eugenol temporary cement only; Gutta-percha alone,S6; S9; S10
PLAN-001-Q1,PLAN-001,Treatment Planning,Why use a formal case difficulty/referral assessment?,short_answer,Why can multiple moderate difficulty factors justify referral even if no single factor looks extreme?,Complexity is cumulative; multiple moderate risks can reduce predictability enough to make the case high difficulty relative to the operator's resources.,,S7; S9; S58; S59; S106; S107
PLAN-001-Q2,PLAN-001,Treatment Planning,Why use a formal case difficulty/referral assessment?,multiple_choice,Which factor belongs in endodontic case difficulty assessment?,"Medical history, anesthesia, anatomy, diagnosis, restorability, and operator resources","Only tooth number; Only patient age; Medical history, anesthesia, anatomy, diagnosis, restorability, and operator resources; Only canal length",S7; S9; S58; S59; S106; S107
